[
  {
    "id": "2c7178c9-51a5-4035-b652-bcde3ba9ac56",
    "data": [
      {
        "text": "Gracias",
        "meta": "@sys.ignore",
        "userDefined": false
      }
    ],
    "isTemplate": false,
    "count": 0,
    "updated": 1534806459
  },
  {
    "id": "603abe93-4965-4e8d-b8b5-d8809012a898",
    "data": [
      {
        "text": "hasta luego",
        "meta": "@sys.ignore",
        "userDefined": false
      }
    ],
    "isTemplate": false,
    "count": 0,
    "updated": 1534806459
  }
]