[
  {
    "id": "0315e231-01b5-423c-99a2-eb0dec434252",
    "data": [
      {
        "text": "como llego",
        "userDefined": false
      }
    ],
    "isTemplate": false,
    "count": 0,
    "updated": 1534170212
  },
  {
    "id": "93235412-0385-4120-a65e-7d21ed4030d9",
    "data": [
      {
        "text": "direccion por fabor",
        "userDefined": false
      }
    ],
    "isTemplate": false,
    "count": 0,
    "updated": 1534170212
  },
  {
    "id": "6e68ec69-04c4-4516-af3c-6d8736e4693d",
    "data": [
      {
        "text": "donde queda",
        "userDefined": false
      }
    ],
    "isTemplate": false,
    "count": 0,
    "updated": 1534170212
  }
]