[
  {
    "id": "a2631136-0be2-42e5-8955-13075d86f12e",
    "data": [
      {
        "text": "donde queda",
        "userDefined": false
      }
    ],
    "isTemplate": false,
    "count": 0,
    "updated": 1534170212
  },
  {
    "id": "2decb658-faea-4c75-b207-583820fc4dba",
    "data": [
      {
        "text": "direccion por fabor",
        "userDefined": false
      }
    ],
    "isTemplate": false,
    "count": 0,
    "updated": 1534170212
  },
  {
    "id": "d66d5b4f-e620-4986-bac7-7041e143574f",
    "data": [
      {
        "text": "como llego",
        "userDefined": false
      }
    ],
    "isTemplate": false,
    "count": 0,
    "updated": 1534170212
  }
]