[
  {
    "id": "8995418d-5b84-46e3-9c38-57c9f4b5be8c",
    "data": [
      {
        "text": "El  ",
        "userDefined": false
      },
      {
        "text": "miércoles",
        "alias": "DiaEntrada2X1",
        "meta": "@DiaEntrada2X1",
        "userDefined": true
      },
      {
        "text": " es ",
        "userDefined": false
      },
      {
        "text": "2",
        "meta": "@sys.ignore",
        "userDefined": false
      },
      {
        "text": "X",
        "userDefined": false
      },
      {
        "text": "1",
        "meta": "@sys.ignore",
        "userDefined": false
      }
    ],
    "isTemplate": false,
    "count": 1,
    "updated": 1534197214
  },
  {
    "id": "57fd7e72-2f79-4334-b19a-fd776e7d287e",
    "data": [
      {
        "text": "Cuando es ",
        "userDefined": false
      },
      {
        "text": "2",
        "alias": "number",
        "meta": "@sys.number",
        "userDefined": true
      },
      {
        "text": "x",
        "userDefined": false
      },
      {
        "text": "1",
        "alias": "number1",
        "meta": "@sys.number",
        "userDefined": true
      }
    ],
    "isTemplate": false,
    "count": 0,
    "updated": 1534197214
  },
  {
    "id": "429bdfc1-278e-471d-a631-d97c0e72d669",
    "data": [
      {
        "text": "miercoles",
        "alias": "DiaEntrada2X1",
        "meta": "@DiaEntrada2X1",
        "userDefined": false
      }
    ],
    "isTemplate": false,
    "count": 0,
    "updated": 1534197214
  },
  {
    "id": "a93d70fd-4e73-4195-9766-19a18d53d47d",
    "data": [
      {
        "text": "Los  miércoles es 2X1",
        "userDefined": false
      }
    ],
    "isTemplate": false,
    "count": 0,
    "updated": 1534197214
  },
  {
    "id": "e528c4f6-c9d0-44ca-bb64-572239e81510",
    "data": [
      {
        "text": "2x1",
        "userDefined": false
      }
    ],
    "isTemplate": false,
    "count": 1,
    "updated": 1534197214
  },
  {
    "id": "5157105a-30b9-42df-99d5-2d5036c6ad1e",
    "data": [
      {
        "text": "Promoción  ",
        "userDefined": false
      },
      {
        "text": "miercoles",
        "alias": "DiaEntrada2X1",
        "meta": "@DiaEntrada2X1",
        "userDefined": true
      }
    ],
    "isTemplate": false,
    "count": 0,
    "updated": 1534197214
  }
]