[
  {
    "id": "1e80fac9-cb4c-4d5a-bcaf-aa2159109350",
    "data": [
      {
        "text": "Entradas",
        "userDefined": false
      }
    ],
    "isTemplate": false,
    "count": 0,
    "updated": 0
  },
  {
    "id": "29e59d18-2d7a-4795-bb67-77aa91924950",
    "data": [
      {
        "text": "cuanto cuesta",
        "userDefined": false
      }
    ],
    "isTemplate": false,
    "count": 0,
    "updated": 1532912777
  },
  {
    "id": "67cc5b35-23f8-4c1b-9f90-76af5dd50982",
    "data": [
      {
        "text": "A cuenta cuestan las entradas",
        "userDefined": false
      }
    ],
    "isTemplate": false,
    "count": 0,
    "updated": 1532912777
  },
  {
    "id": "6d829d62-61cf-4b6d-b282-f8c3072e23fd",
    "data": [
      {
        "text": "Genial Cuanto cuesta",
        "userDefined": false
      }
    ],
    "isTemplate": false,
    "count": 1,
    "updated": 0
  },
  {
    "id": "52581dd0-069e-4885-8ba7-ed34b8f69818",
    "data": [
      {
        "text": "Cual es el precio",
        "userDefined": false
      }
    ],
    "isTemplate": false,
    "count": 1,
    "updated": 0
  },
  {
    "id": "8ed4402a-f5f0-4316-9d36-33146ccfb8ed",
    "data": [
      {
        "text": "Precio de las entradas",
        "userDefined": false
      }
    ],
    "isTemplate": false,
    "count": 0,
    "updated": 1532912777
  },
  {
    "id": "792e367f-69cf-471d-a3e9-363564266417",
    "data": [
      {
        "text": "cuanto ",
        "userDefined": false
      },
      {
        "text": "vale",
        "meta": "@sys.ignore",
        "userDefined": false
      }
    ],
    "isTemplate": false,
    "count": 0,
    "updated": 1532912777
  }
]