[
  {
    "id": "d222a634-30ee-46cd-a40d-f1f250e65ed7",
    "data": [
      {
        "text": "Y ",
        "userDefined": false
      },
      {
        "text": "los miercoles",
        "alias": "date",
        "meta": "@sys.date",
        "userDefined": false
      },
      {
        "text": "?",
        "userDefined": false
      }
    ],
    "isTemplate": false,
    "count": 0,
    "updated": 0
  },
  {
    "id": "cd339712-c2b0-44cd-8b81-046934263a07",
    "data": [
      {
        "text": "cuanto ",
        "userDefined": false
      },
      {
        "text": "vale",
        "meta": "@sys.ignore",
        "userDefined": false
      }
    ],
    "isTemplate": false,
    "count": 0,
    "updated": 1532912777
  },
  {
    "id": "1108cae0-1439-4753-84a4-81086113b9dc",
    "data": [
      {
        "text": "Cual es el precio",
        "userDefined": false
      }
    ],
    "isTemplate": false,
    "count": 1,
    "updated": 0
  },
  {
    "id": "24bd7e2e-c9f6-4b59-a704-aef4a3883a56",
    "data": [
      {
        "text": "cuanto cuesta",
        "userDefined": false
      }
    ],
    "isTemplate": false,
    "count": 0,
    "updated": 1532912777
  },
  {
    "id": "187f6e48-8543-40bf-a33c-060df2e4cedd",
    "data": [
      {
        "text": "Precio de las entradas",
        "userDefined": false
      }
    ],
    "isTemplate": false,
    "count": 0,
    "updated": 1532912777
  },
  {
    "id": "d38db299-afd4-4613-8517-09758d712609",
    "data": [
      {
        "text": "A cuenta cuestan las entradas",
        "userDefined": false
      }
    ],
    "isTemplate": false,
    "count": 0,
    "updated": 1532912777
  },
  {
    "id": "7429c9aa-b141-4248-bbba-0d0afa30f1cd",
    "data": [
      {
        "text": "Genial Cuanto cuesta",
        "userDefined": false
      }
    ],
    "isTemplate": false,
    "count": 1,
    "updated": 0
  },
  {
    "id": "48e9ea08-c5c5-4d96-b815-b7412c7d12a3",
    "data": [
      {
        "text": "Cuando es ",
        "userDefined": false
      },
      {
        "text": "2",
        "meta": "@sys.ignore",
        "userDefined": false
      },
      {
        "text": "X",
        "userDefined": false
      },
      {
        "text": "1",
        "meta": "@sys.ignore",
        "userDefined": false
      }
    ],
    "isTemplate": false,
    "count": 0,
    "updated": 1533007002
  }
]