[
  {
    "id": "cb3971b8-3b6f-4d50-aad7-d2eb046eab0c",
    "data": [
      {
        "text": "aceptan ",
        "userDefined": false
      },
      {
        "text": "tarjetas",
        "alias": "Tarjeta",
        "meta": "@Tarjeta",
        "userDefined": false
      },
      {
        "text": " de ",
        "userDefined": false
      },
      {
        "text": "BCP",
        "alias": "Bancos",
        "meta": "@Bancos",
        "userDefined": false
      }
    ],
    "isTemplate": false,
    "count": 0,
    "updated": 1534802301
  },
  {
    "id": "60b3eb80-e6d4-456c-ba8f-5f44c5ae1d9a",
    "data": [
      {
        "text": "A que ",
        "userDefined": false
      },
      {
        "text": "banco",
        "alias": "Bancos",
        "meta": "@Bancos",
        "userDefined": true
      },
      {
        "text": " debe pertenecer la ",
        "userDefined": false
      },
      {
        "text": "tarjeta",
        "alias": "Tarjeta",
        "meta": "@Tarjeta",
        "userDefined": true
      }
    ],
    "isTemplate": false,
    "count": 0,
    "updated": 1534802301
  },
  {
    "id": "79497037-af92-43fa-af18-52c9e26708f7",
    "data": [
      {
        "text": "Lunes",
        "alias": "DiaEntrada2X1Tarjeta",
        "meta": "@DiaEntrada2X1Tarjeta",
        "userDefined": false
      }
    ],
    "isTemplate": false,
    "count": 0,
    "updated": 1534802301
  },
  {
    "id": "8d6142bc-d9a4-4078-a0e7-2efbe9d7c4e3",
    "data": [
      {
        "text": "aceptan ",
        "userDefined": false
      },
      {
        "text": "tarjetas",
        "alias": "Tarjeta",
        "meta": "@Tarjeta",
        "userDefined": false
      },
      {
        "text": " de ",
        "userDefined": false
      },
      {
        "text": "PRODEN",
        "alias": "Bancos",
        "meta": "@Bancos",
        "userDefined": false
      }
    ],
    "isTemplate": false,
    "count": 0,
    "updated": 1534802301
  },
  {
    "id": "5086af33-3611-437d-a231-8078dd567a29",
    "data": [
      {
        "text": "aceptan ",
        "userDefined": false
      },
      {
        "text": "tarjetas",
        "alias": "Tarjeta",
        "meta": "@Tarjeta",
        "userDefined": false
      },
      {
        "text": " de ",
        "userDefined": false
      },
      {
        "text": "Bancosol",
        "alias": "Bancos",
        "meta": "@Bancos",
        "userDefined": false
      }
    ],
    "isTemplate": false,
    "count": 0,
    "updated": 1534802301
  },
  {
    "id": "7c5bb1a3-149c-48ec-997b-b0455973608f",
    "data": [
      {
        "text": "La tarjeta puede pertenecer a cualquier entidad ",
        "userDefined": false
      },
      {
        "text": "bancaria",
        "alias": "Bancos",
        "meta": "@Bancos",
        "userDefined": true
      }
    ],
    "isTemplate": false,
    "count": 0,
    "updated": 1534802301
  },
  {
    "id": "f2d4d139-36bb-470a-a308-cb2969c24fef",
    "data": [
      {
        "text": "Cuando es ",
        "userDefined": false
      },
      {
        "text": "2",
        "alias": "number1",
        "meta": "@sys.number",
        "userDefined": false
      },
      {
        "text": "x",
        "userDefined": false
      },
      {
        "text": "1",
        "alias": "number",
        "meta": "@sys.number",
        "userDefined": false
      }
    ],
    "isTemplate": false,
    "count": 0,
    "updated": 1534802301
  },
  {
    "id": "f1d3981d-fb0a-48aa-b9af-494b19285a82",
    "data": [
      {
        "text": "tarjeta",
        "alias": "Tarjeta",
        "meta": "@Tarjeta",
        "userDefined": false
      }
    ],
    "isTemplate": false,
    "count": 0,
    "updated": 1534802301
  },
  {
    "id": "252410a5-19f4-451f-b39e-17b390478a55",
    "data": [
      {
        "text": "aceptan ",
        "userDefined": false
      },
      {
        "text": "tarjetas",
        "alias": "Tarjeta",
        "meta": "@Tarjeta",
        "userDefined": true
      },
      {
        "text": " de ",
        "userDefined": false
      },
      {
        "text": "BNB",
        "alias": "Bancos",
        "meta": "@Bancos",
        "userDefined": true
      }
    ],
    "isTemplate": false,
    "count": 0,
    "updated": 1534802301
  },
  {
    "id": "21d8dee7-f0c1-4233-852a-773617572b6b",
    "data": [
      {
        "text": "aceptan ",
        "userDefined": false
      },
      {
        "text": "tarjetas",
        "alias": "Tarjeta",
        "meta": "@Tarjeta",
        "userDefined": true
      },
      {
        "text": " de ",
        "userDefined": false
      },
      {
        "text": "Fie",
        "alias": "Bancos",
        "meta": "@Bancos",
        "userDefined": true
      }
    ],
    "isTemplate": false,
    "count": 0,
    "updated": 1534802301
  },
  {
    "id": "4b64250d-be38-45eb-967f-b077b0179e6e",
    "data": [
      {
        "text": "Los ",
        "userDefined": false
      },
      {
        "text": "lunes",
        "alias": "DiaEntrada2X1Tarjeta",
        "meta": "@DiaEntrada2X1Tarjeta",
        "userDefined": true
      },
      {
        "text": " son 2x1 con ",
        "userDefined": false
      },
      {
        "text": "tarjeta",
        "alias": "Tarjeta",
        "meta": "@Tarjeta",
        "userDefined": true
      }
    ],
    "isTemplate": false,
    "count": 0,
    "updated": 1534802301
  },
  {
    "id": "97804c07-5f10-4588-87e4-898138cd864b",
    "data": [
      {
        "text": "La tarjeta puede ser de cualquier ",
        "userDefined": false
      },
      {
        "text": "banco",
        "alias": "Bancos",
        "meta": "@Bancos",
        "userDefined": true
      },
      {
        "text": "?",
        "userDefined": false
      }
    ],
    "isTemplate": false,
    "count": 0,
    "updated": 1534802301
  }
]