[
  {
    "id": "39b49dec-45a3-4b64-95be-ae9d5006548a",
    "data": [
      {
        "text": "Los  miércoles es 2X1",
        "userDefined": false
      }
    ],
    "isTemplate": false,
    "count": 0,
    "updated": 1533007322
  },
  {
    "id": "123fe542-f170-471f-b9c5-00bae12112a6",
    "data": [
      {
        "text": "El  ",
        "userDefined": false
      },
      {
        "text": "miércoles",
        "alias": "DiaEntrada2X1",
        "meta": "@DiaEntrada2X1",
        "userDefined": true
      },
      {
        "text": " es ",
        "userDefined": false
      },
      {
        "text": "2",
        "meta": "@sys.ignore",
        "userDefined": false
      },
      {
        "text": "X",
        "userDefined": false
      },
      {
        "text": "1",
        "meta": "@sys.ignore",
        "userDefined": false
      }
    ],
    "isTemplate": false,
    "count": 1,
    "updated": 1533006834
  },
  {
    "id": "fff0c0ea-3d1f-4cba-8308-4becd4c760b5",
    "data": [
      {
        "text": "Los ",
        "userDefined": false
      },
      {
        "text": "lunes",
        "alias": "DiaEntrada2X1",
        "meta": "@DiaEntrada2X1",
        "userDefined": false
      },
      {
        "text": " son ",
        "userDefined": false
      },
      {
        "text": "2",
        "meta": "@sys.ignore",
        "userDefined": false
      },
      {
        "text": "X",
        "userDefined": false
      },
      {
        "text": "1",
        "meta": "@sys.ignore",
        "userDefined": false
      }
    ],
    "isTemplate": false,
    "count": 0,
    "updated": 1533006834
  }
]