[
  {
    "id": "36ce7a74-17fc-44dd-9f97-09b94dea7de9",
    "data": [
      {
        "text": "HORA",
        "userDefined": false
      }
    ],
    "isTemplate": false,
    "count": 0,
    "updated": 1534197458
  },
  {
    "id": "3b57a6ad-dbae-4135-aa1c-bfa7e6d7ba87",
    "data": [
      {
        "text": "Buenos dias horarios de atención porfabor",
        "userDefined": false
      }
    ],
    "isTemplate": false,
    "count": 0,
    "updated": 1534197458
  },
  {
    "id": "0ec6f7d0-9d5c-4225-bc2a-efa315a1d9e9",
    "data": [
      {
        "text": "A que hora abren boleteria?",
        "userDefined": false
      }
    ],
    "isTemplate": false,
    "count": 0,
    "updated": 1534197458
  },
  {
    "id": "b93b7e9d-003b-42ab-a0df-3a5ac22f1260",
    "data": [
      {
        "text": "Hasta que hora atienden?",
        "userDefined": false
      }
    ],
    "isTemplate": false,
    "count": 0,
    "updated": 1534197458
  },
  {
    "id": "1be76c20-97c9-44eb-9fac-928f0e9746aa",
    "data": [
      {
        "text": "Horarios de Atención",
        "userDefined": false
      }
    ],
    "isTemplate": false,
    "count": 0,
    "updated": 1534197458
  },
  {
    "id": "af627701-a46e-4b7c-a427-108c47cbd636",
    "data": [
      {
        "text": "A que hora habren?",
        "userDefined": false
      }
    ],
    "isTemplate": false,
    "count": 0,
    "updated": 1534197458
  }
]