[
  {
    "id": "bb2e16d2-5a6a-42ad-aec4-892d9741c209",
    "data": [
      {
        "text": "HORA",
        "userDefined": false
      }
    ],
    "isTemplate": false,
    "count": 0,
    "updated": 0
  },
  {
    "id": "f865e8a1-6599-49ef-917d-2554d4f28170",
    "data": [
      {
        "text": "A que hora habren?",
        "userDefined": false
      }
    ],
    "isTemplate": false,
    "count": 0,
    "updated": 1532907972
  },
  {
    "id": "a5884bdc-1219-4112-867b-36d371d28215",
    "data": [
      {
        "text": "Buenos dias horarios de atención porfabor",
        "userDefined": false
      }
    ],
    "isTemplate": false,
    "count": 0,
    "updated": 1532907972
  },
  {
    "id": "c6d17ae3-c32d-4666-8395-d491e75b543c",
    "data": [
      {
        "text": "Horarios de Atención",
        "userDefined": false
      }
    ],
    "isTemplate": false,
    "count": 0,
    "updated": 1532907972
  },
  {
    "id": "b159b1f2-be8d-45b9-8dcc-97cde3292705",
    "data": [
      {
        "text": "Hasta que hora atienden?",
        "userDefined": false
      }
    ],
    "isTemplate": false,
    "count": 0,
    "updated": 1532907972
  }
]