[
  {
    "id": "0f48cbcc-78f0-4a4d-8e03-a8858a55e595",
    "data": [
      {
        "text": "Ok Google",
        "userDefined": false
      }
    ],
    "isTemplate": false,
    "count": 0,
    "updated": 1533408605
  },
  {
    "id": "62bb24ba-675d-4aa5-b7f2-6403478dd5c5",
    "data": [
      {
        "text": "Biorelax",
        "userDefined": false
      }
    ],
    "isTemplate": false,
    "count": 0,
    "updated": 1532913829
  },
  {
    "id": "53d7dab9-da61-4ab2-b3c1-f6b37ee13a91",
    "data": [
      {
        "text": "alo",
        "userDefined": false
      }
    ],
    "isTemplate": false,
    "count": 0,
    "updated": 1532913829
  },
  {
    "id": "9a493058-5529-4427-9f61-6aaa5c85c226",
    "data": [
      {
        "text": "Buenas tardes",
        "userDefined": false
      }
    ],
    "isTemplate": false,
    "count": 0,
    "updated": 1532913829
  },
  {
    "id": "5fab784d-d918-4ebb-b08c-fce569843138",
    "data": [
      {
        "text": "hols",
        "userDefined": false
      }
    ],
    "isTemplate": false,
    "count": 0,
    "updated": 1532913829
  },
  {
    "id": "8e8f2c8a-a2eb-4d14-82b2-bb7fae269992",
    "data": [
      {
        "text": "aloha",
        "alias": "geo-city",
        "meta": "@sys.geo-city",
        "userDefined": false
      }
    ],
    "isTemplate": false,
    "count": 0,
    "updated": 1532913829
  },
  {
    "id": "28121650-df83-4496-ac91-dc29b574eeb1",
    "data": [
      {
        "text": "Que tal?",
        "userDefined": false
      }
    ],
    "isTemplate": false,
    "count": 0,
    "updated": 1532913829
  },
  {
    "id": "4d70ff17-b2af-4ff5-9c0a-e1f3a56d5a94",
    "data": [
      {
        "text": "Como le va?",
        "userDefined": false
      }
    ],
    "isTemplate": false,
    "count": 0,
    "updated": 1532913829
  },
  {
    "id": "37e1e920-3ff3-4279-90b8-35e299ec13d5",
    "data": [
      {
        "text": "Buen dia",
        "userDefined": false
      }
    ],
    "isTemplate": false,
    "count": 0,
    "updated": 0
  },
  {
    "id": "a3b77445-2e45-4876-adc3-515d1adccaef",
    "data": [
      {
        "text": "Buenas noches",
        "userDefined": false
      }
    ],
    "isTemplate": false,
    "count": 0,
    "updated": 1532913829
  },
  {
    "id": "87543b22-111c-434a-ba7b-d1cd0484eed9",
    "data": [
      {
        "text": "Hi",
        "userDefined": false
      }
    ],
    "isTemplate": false,
    "count": 0,
    "updated": 1532913829
  },
  {
    "id": "66da6b74-6d85-4822-8b30-7b17ca134418",
    "data": [
      {
        "text": "Buenos dias",
        "userDefined": false
      }
    ],
    "isTemplate": false,
    "count": 0,
    "updated": 1532913829
  },
  {
    "id": "27b9b876-3cb3-47c5-a940-7fc8757f2ae1",
    "data": [
      {
        "text": "Buendia",
        "userDefined": false
      }
    ],
    "isTemplate": false,
    "count": 0,
    "updated": 1532913829
  },
  {
    "id": "71cb501b-2bcb-44c5-910b-b531a9a90910",
    "data": [
      {
        "text": "Hola",
        "userDefined": false
      }
    ],
    "isTemplate": false,
    "count": 0,
    "updated": 1532913829
  }
]