[
  {
    "id": "f726d2bc-c87a-4973-8231-5f64ec8f69e8",
    "data": [
      {
        "text": "Buendia",
        "alias": "Periodo",
        "meta": "@Periodo",
        "userDefined": true
      }
    ],
    "isTemplate": false,
    "count": 0,
    "updated": 1534800473
  },
  {
    "id": "1a993c69-b077-44dc-8c58-3790bb9a2238",
    "data": [
      {
        "text": "Que tal?",
        "userDefined": false
      }
    ],
    "isTemplate": false,
    "count": 0,
    "updated": 1534198188
  },
  {
    "id": "cbe1c0db-00f3-4a50-aba1-28a871c1b92c",
    "data": [
      {
        "text": "Hola",
        "userDefined": false
      }
    ],
    "isTemplate": false,
    "count": 0,
    "updated": 1534198188
  },
  {
    "id": "367efa92-f3bb-4c4e-b77f-10292694e534",
    "data": [
      {
        "text": "Buenas ",
        "userDefined": false
      },
      {
        "text": "noches",
        "alias": "Periodo",
        "meta": "@Periodo",
        "userDefined": true
      }
    ],
    "isTemplate": false,
    "count": 0,
    "updated": 1534800473
  },
  {
    "id": "5d83c9ee-8cfc-49fa-8d10-e9d3a434b267",
    "data": [
      {
        "text": "Buen dia",
        "userDefined": false
      }
    ],
    "isTemplate": false,
    "count": 0,
    "updated": 1534198188
  },
  {
    "id": "4f41be29-b294-4405-a731-dcb4eaee2088",
    "data": [
      {
        "text": "Biorelax",
        "userDefined": false
      }
    ],
    "isTemplate": false,
    "count": 0,
    "updated": 1534198188
  },
  {
    "id": "63cf62dc-b4a4-4f8a-b03e-d7af0eb50231",
    "data": [
      {
        "text": "aloha",
        "meta": "@sys.ignore",
        "userDefined": false
      }
    ],
    "isTemplate": false,
    "count": 0,
    "updated": 1534800222
  },
  {
    "id": "c1efa264-492a-4670-a4f0-7ed23efd18a3",
    "data": [
      {
        "text": "Buenas ",
        "userDefined": false
      },
      {
        "text": "tardes",
        "alias": "Periodo",
        "meta": "@Periodo",
        "userDefined": true
      }
    ],
    "isTemplate": false,
    "count": 0,
    "updated": 1534800473
  },
  {
    "id": "2a79d912-85e4-4833-8a82-22123caa09d3",
    "data": [
      {
        "text": "Buenos dias",
        "userDefined": false
      }
    ],
    "isTemplate": false,
    "count": 0,
    "updated": 1534198188
  },
  {
    "id": "2ccbca1a-63aa-4d7f-b247-af35c72c3c4d",
    "data": [
      {
        "text": "Hi",
        "userDefined": false
      }
    ],
    "isTemplate": false,
    "count": 0,
    "updated": 1534198188
  },
  {
    "id": "5d719a4c-3e6b-4e16-b93b-dab93e187ae5",
    "data": [
      {
        "text": "hols",
        "userDefined": false
      }
    ],
    "isTemplate": false,
    "count": 0,
    "updated": 1534198188
  },
  {
    "id": "c6c856a8-9008-4fbc-8dd4-c72ff61538a8",
    "data": [
      {
        "text": "Como le va?",
        "userDefined": false
      }
    ],
    "isTemplate": false,
    "count": 0,
    "updated": 1534198188
  },
  {
    "id": "b1c94d7b-62e4-4372-ac71-9104dc807b75",
    "data": [
      {
        "text": "Ok Google",
        "userDefined": false
      }
    ],
    "isTemplate": false,
    "count": 0,
    "updated": 1534198188
  },
  {
    "id": "e326d736-6654-4a0f-aa26-907eaf36a369",
    "data": [
      {
        "text": "alo",
        "userDefined": false
      }
    ],
    "isTemplate": false,
    "count": 0,
    "updated": 1534198188
  }
]