[
  {
    "value": "BCB",
    "synonyms": [
      "BCB",
      "Banco de Crédito de Bolivia"
    ]
  },
  {
    "value": "BANCO BISA",
    "synonyms": [
      "BANCO BISA"
    ]
  },
  {
    "value": "PRODEM",
    "synonyms": [
      "PRODEM"
    ]
  },
  {
    "value": "banco",
    "synonyms": [
      "banco"
    ]
  },
  {
    "value": "BNB",
    "synonyms": [
      "BNB",
      "Banco Nacional de Bolivia"
    ]
  },
  {
    "value": "PRODEN",
    "synonyms": [
      "PRODEN"
    ]
  },
  {
    "value": "ECOFUTURO",
    "synonyms": [
      "ECOFUTURO"
    ]
  },
  {
    "value": "BANCO FIE",
    "synonyms": [
      "BANCO FIE"
    ]
  },
  {
    "value": "BANCO GANADERO",
    "synonyms": [
      "BANCO GANADERO"
    ]
  },
  {
    "value": "BANCO MUDIAL",
    "synonyms": [
      "BANCO MUDIAL"
    ]
  },
  {
    "value": "BANCO FORTALEZA",
    "synonyms": [
      "BANCO FORTALEZA"
    ]
  },
  {
    "value": "FIE",
    "synonyms": [
      "FIE"
    ]
  },
  {
    "value": "MERCANTIL SANTACRUZ",
    "synonyms": [
      "MERCANTIL SANTACRUZ"
    ]
  },
  {
    "value": "bancaria",
    "synonyms": [
      "bancaria"
    ]
  },
  {
    "value": "BANCO UNION",
    "synonyms": [
      "BANCO UNION"
    ]
  },
  {
    "value": "BCP",
    "synonyms": [
      "BCP"
    ]
  },
  {
    "value": "Bancosol",
    "synonyms": [
      "Bancosol"
    ]
  }
]